-0.5700	-0.8098	1.6027
0.2007	-0.1074	3.5790
-0.1195	0.5625	-1.2162
-0.6558	0.4465	-1.6958
0.5776	-0.2578	0.6896
-0.7605	1.8978	1.3438
-1.1229	1.0455	1.9393
0.1254	-1.3458	0.0247
0.0006	-0.4601	-0.1970
-0.6348	-2.6437	1.9370
0.1870	0.5395	0.6809
-0.1901	-0.9703	1.1823
-1.6490	-0.9052	0.8824
0.2110	-0.7027	0.5088
-0.9621	0.9795	2.6439
0.5629	0.0288	-1.9287
-0.3825	0.9767	-0.2184
0.0097	-1.5501	0.6422
-1.6015	-0.3253	1.0045
-0.4859	0.1140	-1.5737
-1.9100	-0.5502	-0.3025
-0.3528	-1.2859	1.5475
2.0600	-0.3795	-0.4218
-0.9134	-1.4922	2.0712
0.5777	-0.0036	2.1784
0.6140	-0.6252	2.8705
-2.4122	0.4261	1.3364
1.2943	-0.2455	-0.3331
2.3411	-1.0815	-1.2847
-0.5812	0.8161	0.5104
-0.7534	-0.2882	-1.1340
-0.0929	-0.4643	0.8243
-0.0553	1.0511	-0.1788
-0.6829	-0.4743	-0.6248
-1.1665	-1.1150	0.2952
-1.2916	-0.0372	0.2867
-2.0233	1.7708	-0.8321
-1.1741	0.6212	-3.3656
-1.0455	-0.0100	0.8376
-0.3094	-0.6200	0.1438
-0.0317	0.1972	0.9426
0.4086	-0.8567	0.6458
0.0914	0.1299	1.7421
-0.0457	1.2037	-1.1444
-1.8982	-0.5652	1.3267
0.5070	0.3060	1.2016
-0.1157	1.2517	-0.8473
-3.6636	-1.2971	4.8153
0.8658	1.9311	-1.1579
-0.3688	-1.3351	1.5155
-0.5220	0.0248	-1.3340
1.0904	-0.6091	-0.0857
1.7864	-0.6633	0.9858
-0.3334	0.2262	2.8316
-0.2471	1.7930	-1.3652
-0.4609	0.9631	0.4110
2.0109	-0.3486	-1.7129
-0.0106	1.4130	0.7060
0.4449	-0.3868	0.4789
-2.6277	1.1111	1.5374
-2.4677	-0.9904	3.5732
0.1744	0.6235	0.6755
0.3074	-0.2929	1.2556
1.1551	-1.4228	-0.0420
0.0317	-0.0394	0.5200
-0.6183	1.0625	-2.9877
-1.5831	0.9664	0.5496
0.1786	-0.6236	1.1637
1.0488	0.2246	1.3148
1.2966	1.0039	-0.4924
-1.0764	0.4609	-1.5036
1.0545	1.5021	-3.1269
2.0677	1.2489	-1.3119
-0.7400	1.0711	0.8392
-1.2595	0.0706	0.8788
-0.2493	-2.0168	1.4637
2.2602	-0.9943	-0.3103
-0.5340	-1.6254	1.8506
-0.7195	0.8880	1.5805
1.2647	-1.5723	-0.9232
-0.8697	2.8683	-1.5977
-1.4096	1.1717	-1.1995
0.6667	-0.3467	1.0107
-0.2229	-0.1718	0.8088
1.1068	1.2173	-3.7158
-1.5998	0.6267	-0.0383
0.3107	-0.1202	-1.8728
-1.4847	1.9634	1.2229
-0.9324	0.4947	-0.0539
1.7645	-1.4110	-0.6526
-0.9359	-1.2272	0.9217
0.3877	0.3525	1.7218
0.7946	-1.8757	0.3831
0.1454	-0.1162	0.8252
-1.3072	1.5073	0.3862
-1.0329	-0.9682	0.0717
0.1337	1.7502	0.0802
0.2384	0.2253	2.3358
-1.1591	-1.0672	1.0195
1.8402	-0.2525	-0.8651
0.4222	-2.2278	0.8101
0.7600	1.8910	-0.9508
-0.3103	-1.8544	-0.0324
-0.7359	-2.1540	1.9410
-0.2313	-0.5818	-0.2255
-3.3716	1.2077	1.8205
-0.1205	0.7381	-0.3397
-0.2810	-1.7216	0.3033
-0.1803	-0.3572	-1.7141
-0.7954	-1.9189	1.9880
-1.1899	-0.3280	0.0966
-0.4321	-0.4208	0.2202
-0.1125	-1.1913	0.0085
0.0900	1.1424	1.3073
0.0334	-1.8577	1.1468
-0.6662	0.3742	-0.2050
-0.7181	-0.0495	-1.0502
-0.3737	-0.8403	-0.6158
-2.2892	1.0642	1.4134
0.0208	0.9129	-0.5201
-1.2386	-0.0399	0.4302
0.7552	2.3677	-0.1285
0.3567	0.4038	1.5797
0.6237	-3.2584	0.7046
0.6933	-1.3308	1.5671
0.5843	-0.3191	1.5412
1.6560	-0.7807	-0.6433
-0.8314	0.3095	0.1950
0.5584	0.6538	0.1864
0.8494	0.0626	0.4603
1.4530	-1.2169	-0.3896
1.1562	-0.1137	-0.0782
-1.5705	1.4828	0.1277
-1.3144	-0.5836	-0.3666
1.8614	0.8790	-1.0516
-0.9715	-0.1681	-0.3188
0.7330	-0.4851	1.9075
0.6672	0.1895	0.2391
1.2775	-2.3265	-0.0547
-2.1617	-0.0324	1.6177
0.1912	0.4821	1.8785
-0.5763	-0.7536	-0.1975
0.3881	-0.3018	-0.5755
1.1275	-0.1965	-0.1696
-0.7489	0.3928	-2.6370
-2.3883	0.4472	1.0732
-0.9432	0.2276	-0.1815
-0.8638	0.4389	0.7048
-0.4635	-0.1215	0.8522
-0.8309	-0.7743	0.4828
0.4808	0.1642	0.6668
0.5794	-0.6054	2.5655
-0.7992	0.1819	-0.0963
-0.2176	0.7338	-1.2592
0.2060	0.9950	-1.1929
-0.8663	0.2092	-1.7701
-2.2265	0.4375	1.5375
-1.5904	0.3749	-0.6409
0.0045	-0.1762	-1.3547
-0.4836	-1.1442	0.5496
-0.6554	-0.6862	0.8918
-1.9172	0.1175	1.0342
2.6880	1.2535	-1.9328
1.5692	-2.6733	-0.3075
-2.4194	-0.0827	1.6473
-0.4346	-1.0406	0.3403
-1.6590	0.6915	-2.8318
1.4410	-0.3730	0.9403
-0.1368	1.7571	-1.9664
-0.8980	-0.1470	0.4840
-0.8701	0.2392	1.3628
2.2018	0.0132	0.6404
-0.7324	-0.4375	-0.7970
0.4358	0.1318	-1.7729
-0.7896	-0.1564	1.7650
-0.2000	0.9312	0.1830
-0.6612	0.1639	-1.6395
0.1884	1.1310	-2.6822
0.5185	0.9816	0.0957
1.2405	0.6166	-2.8080
0.1659	0.9437	0.4906
-0.2454	0.4939	1.1389
1.4652	-0.3311	0.5642
0.1659	-0.6706	-0.3827
0.9571	0.4802	-0.0745
-3.2039	1.5531	-1.2212
1.4916	-0.8527	-0.4594
-0.1775	0.4075	1.0734
-0.6268	0.2884	0.1223
-0.2979	-0.6435	0.1070
0.0365	0.8089	1.5666
0.0481	-1.1922	1.0325
0.9052	1.1263	-2.6152
-2.4078	-1.2560	0.9474
-1.2146	-1.4426	1.5354
-0.4059	-1.1582	0.1939
-0.6936	-0.3384	0.8858
-0.0468	1.4859	-0.5011
-1.0923	-1.4453	0.8194
0.3947	0.5445	-1.5408
0.0770	2.1370	0.6158
0.8881	-0.2570	0.0798
0.2137	1.4309	-0.8625
0.4221	0.5846	-0.4349
1.2480	-0.8642	-0.2166
0.6822	-3.0364	0.6102
1.5579	-0.7452	-0.5218
1.5906	-1.9167	-0.8702
3.0024	-2.9227	-1.5993
0.9999	0.5779	-0.5196
-0.1092	-0.1145	-0.5197
0.0687	0.3592	3.1471
1.1030	0.1334	-0.1954
-1.6883	-2.1672	1.0727
-1.8376	1.0702	-0.9221
0.2528	1.4106	-0.9947
-1.1522	2.1118	0.1434
-1.1982	-0.7634	0.3445
1.5597	-1.2379	-0.4826
-0.2532	-0.3330	-1.0990
0.0985	-1.0558	0.4549
-0.1206	0.2291	1.0508
-0.5895	-0.6575	-0.1836
-0.7141	0.7179	-2.3559
-0.7625	0.4930	-0.5577
0.7341	-1.1666	0.3704
-1.4590	-0.0507	0.7190
-0.5102	0.1378	0.8131
-0.7436	-1.1135	1.8339
1.1119	-1.0354	-0.0345
-0.9919	0.4847	-0.5577
-0.4891	0.5803	-0.8916
-1.1554	-0.3202	0.8890
-0.1223	1.0910	-1.4377
-2.3515	-1.0195	1.1691
-0.8165	-1.1014	0.3783
-0.8888	-0.9816	0.2331
0.1498	0.9674	-1.3388
-0.3425	0.9407	-3.1846
-0.7381	-0.1644	-1.2669
1.2943	-1.2064	3.2252
-2.8213	1.6830	1.1423
0.4902	-0.5127	-0.7669
0.3125	0.0458	0.9360
-0.3327	0.1835	-0.9141
0.4548	0.2667	0.4430
1.8597	-1.2578	-0.7931
-0.4261	0.0841	-1.9167
-0.4977	-0.3562	-0.8269
1.2572	-0.6851	2.2252
-0.6502	-0.7657	-0.0915
0.2844	1.0069	-2.1067
-0.5501	1.2759	-0.3727
0.9803	-0.3997	1.8454
0.1167	-0.2027	-1.4027
0.4926	0.0960	1.0121
0.1046	0.9187	2.0758
-0.2599	-0.6233	1.2762
0.5142	-1.3356	0.5897
-0.3721	0.1648	-1.9358
1.3235	-0.7208	0.2682
-1.5227	1.7106	-0.2689
1.4568	1.8388	-2.8947
0.6141	-0.1733	2.8406
1.9605	-0.2937	-1.0116
-0.3240	0.7788	-0.1187
-0.8845	0.1728	-0.1565
-1.9614	1.7021	0.1661
-3.5148	-1.3965	3.4501
-1.0136	-1.1350	0.1830
-0.4468	0.1544	1.7482
0.1971	1.1655	-0.8715
-1.0494	-0.3941	0.4499
-0.5548	-1.4501	1.6768
1.4309	1.7227	-2.3090
-0.2287	2.9086	1.5199
-0.6640	-1.0226	-0.1530
1.4315	-0.5817	-0.4360
1.0044	-0.3867	-0.3048
0.8416	0.1703	0.6399
-0.5934	1.3941	-0.6063
-0.2142	-1.3186	-0.1649
-0.2414	-0.5725	-0.6755
-1.7194	0.0925	0.6874
-0.5954	0.6831	-0.2937
-1.0976	-0.1544	0.0729
-0.2788	-0.5439	0.5163
-1.3026	0.7955	1.2079
0.7342	2.1557	-1.2051
-0.4411	-0.7902	0.5662
-0.8908	0.1932	-0.2713
-0.0033	-0.4625	-0.0003
-1.7754	-0.3655	0.9090
-0.2435	-1.7825	0.3345
-1.8337	-0.7873	0.5443
1.1646	0.7366	-0.3297
0.0815	-0.1932	-0.9619
-1.6069	-0.1214	0.7986
-1.3150	3.1972	0.5411
1.7654	-0.3387	-0.1570
0.0492	-0.9922	2.2455
-0.6453	-0.0515	-1.8202
-0.3494	1.1977	-0.8263
-1.7076	-0.1686	2.7201
0.1896	0.1359	2.7526
2.5988	-0.8383	-1.5796
0.3331	-0.1714	1.0029
-0.5296	0.5554	-0.5093
1.0676	-1.4263	-0.3580
-0.3244	1.7428	0.0847
-0.5087	0.3119	0.5374
0.0174	-0.0316	-1.3978
0.9496	-1.8573	0.2314
-0.2812	-0.2711	0.7938
0.6527	0.3014	0.7267
-0.3906	-1.9988	1.5860
-1.3829	0.5432	-1.3935
0.9493	0.8385	-0.1159
-0.6925	-0.6703	-0.1245
-0.6280	0.5836	0.0550
0.1660	-0.7355	-0.3356
0.2396	-0.5934	0.7919
-1.2742	0.1858	0.3819
-0.1348	0.6594	-1.2174
0.9205	1.7173	-1.5693
-0.6344	-0.1697	0.2012
-0.3666	-0.5536	0.2944
0.6374	1.1761	-2.0788
-0.8283	0.4449	-2.1567
1.6052	-2.4926	-0.3507
-0.1849	0.5015	0.2631
1.2551	-0.6506	-0.6535
0.1502	-0.1165	0.8069
-0.5940	0.2795	-0.4268
-1.3115	0.1276	-0.0362
1.4805	-0.2486	-0.5147
0.5429	-0.7614	0.1732
0.1629	0.3307	-2.1768
-1.1060	0.8639	1.0918
0.2936	-0.0279	2.3716
-0.3287	0.9788	1.1382
-1.8809	-0.9584	0.2090
-0.7525	-0.6918	0.4502
-1.7379	2.8051	-0.2128
-0.1655	-0.1593	-1.4151
-1.3576	0.9745	-1.0152
0.9231	0.6332	-1.4066
-1.1644	-0.1279	0.9148
0.2688	-0.1981	0.5290
-1.2511	-0.3605	0.8054
-1.1701	0.2415	0.7755
0.1101	-0.4947	0.3996
-0.6581	-0.3996	0.1645
-1.2620	3.0142	-0.4965
-0.5749	-0.4324	0.1330
-0.9567	0.0212	1.1703
0.7247	-0.7399	0.9266
0.2975	-0.6853	0.7261
-0.9080	-0.7720	-0.6768
-0.0922	-0.2042	-0.8180
2.2605	-1.3350	-0.4323
0.4523	0.0714	0.4755
-0.4689	-0.1217	1.4518
1.4056	1.8100	-2.7684
0.2604	0.5834	-1.8033
-0.6609	0.5816	-0.1871
0.1518	0.1132	0.6562
-0.8318	1.2832	-0.0542
1.9133	-2.4215	-0.6651
-0.7268	0.2740	-0.3902
0.4416	-0.8029	-0.1076
0.2916	0.0311	0.8685
-1.7277	-0.6858	0.7329
1.6688	-1.7272	-0.5304
-0.1828	0.4536	-2.2200
0.5151	-0.6085	0.5073
-1.1873	0.2456	-1.1318
-0.3245	-0.2338	-0.8564
-0.5444	1.4104	-0.0287
-1.6307	-1.3744	0.9191
-0.8305	-0.6380	1.8719
0.1804	-0.4100	0.4007
-1.8343	0.0714	1.0269
1.9162	-1.3888	2.0520
-0.3141	0.0809	0.3629
-3.3533	0.3639	1.6777
-0.4178	0.2698	0.7097
1.0582	1.0971	-0.2621
0.9521	0.8793	-0.1379
-0.9387	-0.2430	-0.5605
-0.2535	0.1967	0.5003
-0.3116	2.0594	0.2439
-0.9206	0.3550	0.1246
-1.8349	0.1060	1.3031
0.1465	-0.6373	0.2566
-1.3260	-0.0181	0.5774
0.5151	1.4068	-1.2479
0.0234	0.2475	1.4088
1.4040	0.5903	-1.0119
0.1146	0.6166	-1.7686
-0.3247	0.8302	0.9950
-0.0387	-0.2792	-1.1729
-1.3217	-0.0707	0.5899
-1.6988	-0.3478	2.7254
1.5784	-2.5371	-0.3161
-1.5749	2.5319	-0.1939
-0.5824	-0.9018	1.6497
-0.3081	0.6092	-0.6534
-2.5118	-0.2010	1.4211
-2.6989	2.0930	-1.8281
-1.2981	2.0587	0.6402
-0.1119	-0.7831	0.0723
-1.0806	-0.7338	-0.2513
2.4494	-0.9407	-0.3768
-0.6029	-0.3068	-1.3177
2.0487	-1.0959	0.5369
0.3643	0.2458	0.5413
-0.6566	-1.1491	0.0632
-1.1092	0.3208	-1.2597
1.9660	-0.6680	-0.2010
0.7421	-0.1049	-1.6292
-0.2851	-1.2130	0.5941
0.9753	-2.4646	-0.0717
0.7759	-1.8063	-0.1638
0.9141	-1.1173	2.9363
-0.7073	-1.0066	0.5975
2.0384	1.6921	-3.7738
0.8618	0.4397	0.0745
-0.0676	-0.8578	1.1237
0.4603	-0.4341	0.5233
0.1076	0.4078	-1.8542
-0.8555	0.1105	1.1944
0.6021	1.7488	-1.8501
0.5045	-1.2185	0.5700
-1.5917	-0.8525	1.1782
-0.7298	-0.2681	-1.1535
1.0226	0.1099	0.0469
-2.1386	-0.9660	1.4896
-0.5650	-0.5983	-0.1613
-1.0188	-0.0274	-0.8275
-1.2684	0.0482	2.2118
-1.1666	-1.7340	1.5659
-0.2523	-0.1559	-1.6521
-1.5647	1.2635	-1.5893
-0.1489	1.3904	-0.2210
-2.0315	0.9397	-1.2089
1.5744	-2.0883	1.0725
-2.9027	0.8469	1.8248
-1.7295	0.1140	0.7760
-0.2282	-0.2482	-1.4092
-0.0459	1.1963	0.0184
-0.6301	0.5190	0.6905
0.2537	0.3922	0.6344
-0.8209	2.1625	-0.7407
0.3770	-0.3353	1.8234
2.8540	-1.7553	-1.7247
-0.2397	-0.4627	-0.4323
-1.2583	-0.3692	0.8529
4.5520	-0.6558	-3.6032
-0.1345	-0.8338	0.4836
-0.2047	-0.6955	-0.5823
-0.6980	-0.1539	-0.6272
0.9014	-0.6011	0.2041
0.1337	0.7885	-1.9044
1.3930	-0.8581	-0.3447
-0.7521	-0.3288	-1.4931
-0.8966	0.5640	0.5525
-1.1252	-1.0656	0.6527
0.5870	-0.5389	-0.1598
0.5749	0.3932	0.5084
0.3965	1.1559	-1.7093
-0.2176	-0.7686	1.2526
2.0209	-1.3901	0.8848
0.2188	0.7847	2.4889
-0.4745	0.1767	-1.1372
-0.1680	-0.1558	-0.8583
0.1322	-0.6797	0.8925
-0.5301	0.5935	2.1252
1.9501	-1.2382	-0.8498
0.4968	0.2677	0.3182
-0.4732	-0.1911	-1.0874
-0.8589	-0.7242	-0.1119
-1.0813	0.6028	-3.2578
1.7064	-1.4793	-0.5241
-1.0745	-1.5084	2.2268
0.9476	1.1827	0.0126
1.6414	-0.9239	-0.5660
0.3583	-0.4331	-0.1492
0.9498	0.3826	0.3816
1.0908	-1.2248	0.5279
-1.8351	-0.1901	1.0999
1.5643	0.0800	1.2776
1.0699	1.2887	-0.4573
0.9401	1.0593	-0.1449
-0.2218	1.3373	-0.1603
0.9780	-2.6605	0.2882
-0.0106	1.3945	-2.1153
0.3912	0.2634	0.6778
-1.0869	-0.6450	1.1357
0.1188	1.7381	-1.1984
1.3005	-3.2484	0.0549
2.9604	-0.0854	-2.0402
0.2237	0.0028	-2.3900
1.4748	0.1804	-0.7872
1.3666	0.3465	0.5665
-1.4236	0.1806	2.3773
-0.9693	1.5282	1.0391
-0.1705	-1.3620	0.2537
-1.0697	-0.6908	-0.0213
-2.2069	-0.4449	2.3256
-0.1608	0.8334	-0.3278
-1.9982	1.8923	0.0933
-0.8908	0.1107	0.0686
-0.2382	-1.2710	0.6598
-0.6483	1.2292	0.8361
-2.0304	1.5234	-0.3096
-1.2758	0.7229	1.7340
0.9254	0.1522	-0.0108
-0.8601	0.3189	0.4022
-1.6699	2.5245	-0.9113
-0.5594	-0.7607	1.0989
-0.5178	-0.2455	0.5432
0.6624	1.7121	-2.7430
2.4713	-1.3080	-1.4072
1.4288	-1.6600	-0.5426
-0.5862	-1.1321	0.3083
2.0382	-1.7755	-0.9052
1.3568	0.7726	-0.5287
0.4226	0.4936	-2.5603
0.1945	0.7645	1.1802
-1.4815	2.0003	0.7467
-1.9481	1.4970	0.7987
0.5175	-0.2692	1.5866
-0.9517	-0.3030	-1.3269
0.3105	-0.7715	-0.2691
-0.1820	-2.4862	1.4352
-1.5943	-0.3961	0.1715
-0.8670	-0.8376	-0.4144
-0.1813	-0.6069	0.1798
-0.3669	0.0133	-1.3284
-0.1131	0.7145	-1.2635
-1.5644	1.0351	1.0133
0.2322	-0.7661	0.3248
-0.8992	0.8800	1.3946
0.6091	-1.8590	-0.5740
-1.3793	-0.5690	-0.2361
-0.4411	-0.3890	-0.7880
0.5965	-0.9603	-0.0781
-1.5912	-0.0937	2.5579
1.3121	-0.3370	1.6351
-0.6921	-0.0018	1.6029
0.2584	-1.2258	1.0942
-1.6733	-0.4953	0.0048
-1.1261	0.1227	0.6975
0.2970	1.0616	0.4566
1.7158	-0.7521	0.7098
-0.6791	0.6660	-0.5330
-0.3635	-1.6367	1.5198
-0.3757	0.5916	-0.2508
0.0082	-1.4005	1.1200
-0.5455	-0.2980	-1.0244
-1.8573	0.2626	1.4520
-0.3459	0.7779	0.6409
-1.5120	-1.3112	0.3997
-0.3656	-0.2862	-1.1351
-0.1488	0.7747	-1.0652
-0.6232	-0.2588	1.6148
-0.5506	-0.0655	-1.4801
-1.5259	0.9169	1.8548
-1.2737	-0.5788	1.2830
-0.8124	-0.1531	-0.8783
-1.7522	-0.5030	0.8014
-0.2556	1.3781	1.0252
-2.5581	-1.1322	2.2943
-0.2177	1.4911	-1.7917
0.3881	0.0781	1.8627
-0.0131	0.4838	-1.5685
-0.2127	-0.2433	-0.7129
-0.1692	-1.9841	1.3673
-1.0602	0.7479	-0.5800
0.8236	-1.0714	0.5070
-2.3421	1.7553	1.7496
1.2120	0.2749	-0.3300
-0.5740	1.2924	0.8499
-0.1032	0.6454	0.9652
1.6033	-0.2285	-0.6533
-1.0067	1.4180	0.6806
0.3152	1.3305	-0.8593
-0.2827	-2.5231	-0.1728
0.8737	-0.4954	1.4776
0.9735	-0.5524	0.6118
-0.8531	-1.1189	0.6356
-0.9274	-0.4517	0.7923
0.1748	0.5763	-1.7203
-1.5726	1.5424	1.0788
0.9967	0.2334	2.0162
-0.4427	-0.3487	-0.4195
-1.3579	1.4204	1.4236
-0.6544	0.0802	-1.8148
-1.6151	-0.9119	0.1911
-1.7925	2.7341	-0.4416
0.0143	0.9609	1.1380
-0.6627	-0.0741	1.7576
1.1003	1.2358	-2.5194
-0.4530	0.9841	1.3204
-1.3231	0.1296	0.9839
-1.4432	-0.8519	0.8447
1.1761	-0.5266	1.9279
-0.3248	-1.1443	0.4060
2.0137	-0.5703	-1.0358
-0.8058	-0.6384	0.0084
-0.3602	-0.8230	-0.4423
0.2393	1.5643	-0.2866
-1.3223	0.4335	0.9864
-0.3642	-0.7394	-0.2441
0.1834	0.0016	-0.3534
0.7208	-0.2103	0.1869
-0.7093	0.6323	0.5779
-0.7219	-0.0898	-1.5868
1.5407	-1.5784	-0.4012
1.4225	0.3104	-0.5439
-1.0053	-0.5724	0.6436
1.7415	-1.6552	0.2123
-0.4556	0.4072	0.5663
-0.3952	-0.5008	-0.4335
-2.0748	-0.1729	3.0634
0.6658	0.3943	-0.9079
-0.6732	0.4889	-0.4610
-0.0910	-0.6264	0.1358
-0.6659	-0.6668	-0.4252
-1.2935	0.4721	1.2078
-1.3936	-0.2819	0.3416
-1.7543	0.5417	1.1595
0.7874	1.8321	-1.7921
1.7275	0.3253	-0.8410
0.8029	-2.9945	0.5031
-0.1433	0.4967	-1.9254
-0.8579	0.1738	-0.0310
0.3482	-0.6536	-0.5993
0.7832	-0.9393	-0.1227
-0.2652	-0.0401	-1.6354
0.0501	-0.1173	-1.1381
-0.9703	-0.7222	-0.1917
-1.0440	-1.3077	0.8234
0.3338	1.2278	-0.7341
-1.1658	0.4977	-0.0497
2.2233	-1.0051	-1.1724
0.2268	0.9399	0.6607
-1.3653	0.1351	-2.1291
-0.3445	1.1537	-0.0479
0.1570	0.7329	0.6851
-0.5812	-2.6740	1.8386
0.0410	-0.1180	0.9130
1.1848	-0.3921	-0.2034
-0.3187	0.7062	-0.5250
-0.9011	0.1123	0.2176
0.9078	-0.5231	0.2908
-1.5557	1.8226	1.0226
-1.7347	0.3119	0.4830
-0.2301	1.2207	0.3893
0.0033	-1.6154	0.0566
0.6880	0.4872	0.9907
-1.1230	0.1568	-1.5720
-2.6718	1.0965	1.2141
0.9349	0.5297	0.2843
-1.6604	-0.9019	2.7242
-0.3390	-0.3887	-0.3743
-0.7100	1.0432	0.4318
-0.2374	0.9432	-0.7180
-1.2150	2.9758	0.0219
-0.5146	-2.2208	1.7296
-0.2372	-0.1819	-0.6926
-0.7193	0.3955	-0.1390
1.6286	-0.8102	0.6831
0.2765	0.9226	0.8367
-1.0037	-0.2614	-0.8949
-2.4184	-1.0492	1.7843
-0.0175	-1.0917	1.0458
-1.1805	-0.2029	0.8632
-0.1710	-0.6298	0.4996
0.6969	-0.4324	-0.0868
1.2285	-1.5601	0.6919
0.0822	-1.3410	0.4779
0.8648	-0.6484	0.1658
0.7973	-1.4274	0.3030
-1.2765	-0.2606	-0.4097
0.4178	-1.0047	1.0280
-1.1636	-1.4155	0.9676
0.2239	-0.3359	0.6606
-1.0635	-0.6561	0.7791
-0.0210	1.3383	0.0629
-1.1021	0.0338	2.2226
-0.1859	-0.1461	-1.1565
-0.8040	-0.3556	1.8108
-1.6643	0.5288	1.0621
-1.2080	0.1314	0.6997
3.6218	0.6873	-2.8138
1.4036	1.6519	-0.6777
1.0490	0.7246	-0.6952
1.8012	-2.0978	-0.6208
0.3541	0.2835	0.5499
1.3596	-0.7210	-0.3428
0.8928	-0.7449	0.4798
-0.3227	0.9176	-0.1209
-1.3902	1.2121	2.2093
1.1633	0.3701	-0.2076
-0.3456	-0.5984	0.8895
0.9242	0.7826	1.8315
0.8641	0.1940	0.9983
2.2153	-2.0311	2.8309
0.3261	0.9962	0.5727
-0.3197	-1.4123	1.4460
-2.5315	2.7477	-1.3044
-0.8123	-1.5398	0.1725
0.3576	-0.5420	-0.1694
-1.3819	0.9134	1.1395
0.7163	-1.7044	0.1925
1.2427	0.0099	1.6320
2.3850	-0.7996	-1.1962
-1.2560	-0.3068	0.8296
-0.9138	0.4435	0.2725
1.9375	0.5026	-2.0912
2.0146	-1.8565	-0.5930
0.2899	-0.6447	0.1512
0.3942	0.7545	-1.0877
-2.0549	-0.8929	1.0578
1.2748	-2.2296	-0.6627
3.6672	-2.2085	-1.2691
2.8032	-1.2605	-0.2615
-0.7966	-0.1047	0.2457
1.4157	-0.9672	0.0228
-0.1249	-1.5500	1.1284
-0.9563	0.2649	0.4034
-1.0497	1.7014	2.2176
0.5709	-0.9203	0.4729
0.6746	-0.1613	1.7214
1.4546	1.0315	-0.6558
0.5113	-0.2972	-0.5415
-0.4707	-0.0894	1.1411
2.2460	0.0446	-1.3506
-0.4597	-0.5673	0.0388
-2.1174	-1.2171	0.7518
0.2615	0.3829	1.7245
-0.7715	-0.3891	3.3665
0.1514	1.7908	0.3107
0.2829	-0.2303	0.4127
0.3223	0.5703	1.1560
0.3194	-1.4634	-1.1341
0.2462	-0.4813	1.2439
1.6485	0.6199	-1.3260
0.4938	1.9295	-1.5570
-0.7639	0.5536	0.5148
-0.5631	0.7923	1.4303
-0.9379	0.3670	0.2844
-1.0220	0.5095	0.0390
-0.4521	1.5493	0.5994
1.1352	-0.2447	0.5703
0.2938	-1.7507	0.4894
1.1440	1.4949	-0.4166
-0.3827	1.4310	1.3261
0.4269	-0.0007	0.5580
0.0178	1.2871	-1.1220
-0.8544	-1.7760	1.6988
-0.6210	0.8026	0.0903
-1.0875	-0.7481	0.4338
1.6930	-0.9034	0.7310
-0.4425	-0.6547	0.2422
-0.8423	0.0964	-0.9762
0.3824	0.3053	-2.3783
1.4309	-1.4561	2.3606
0.6038	-2.5088	0.0638
0.4228	-0.0752	0.1012
-1.1889	0.1635	-1.9518
-0.8722	0.7272	0.9546
-0.5540	-1.0867	0.6846
-0.2238	0.9172	-0.2469
-0.0174	0.1869	-1.4837
-0.2234	0.2316	1.1430
-3.2597	0.9331	1.1337
-0.8341	0.5041	0.2391
-1.4021	0.8904	1.1619
0.3098	-1.2392	0.8151
0.8046	0.1106	-0.3156
-0.8736	0.6094	-1.7946
-0.1074	-0.7041	0.0485
0.6752	0.8972	-2.1653
-0.8377	0.5750	0.3057
0.0545	-0.3027	0.4822
-0.1676	-0.7760	0.6454
0.6610	0.4542	-2.8805
-0.8623	-0.7950	1.9037
-0.2857	0.6602	-0.3797
-0.5040	1.3764	-0.3000
1.1430	-0.7902	0.1834
-1.3503	-1.1205	-0.1370
-1.1049	-0.6747	-0.0472
-1.9014	-0.3639	1.4357
-0.0660	0.0712	0.9850
-1.0185	1.1937	1.0881
-1.4647	-0.1727	0.1521
-0.1713	-0.4767	0.4300
-2.0425	-0.3421	2.3592
-0.3943	2.5153	-1.9826
-0.8776	0.3273	0.7428
-0.4604	0.9540	0.0699
0.6506	-1.8042	0.5090
-0.4993	-0.9390	0.4836
-1.6749	0.5361	1.0069
-0.4589	-0.0505	0.1118
-0.6897	0.9567	-0.8678
-1.4742	1.5320	1.7528
-0.6863	-0.3755	-0.5190
1.6416	-0.3250	-0.6742
-0.4530	0.1990	-1.3942
-0.9251	0.0992	-0.3116
-0.8269	0.0623	-0.4236
0.2490	-0.3674	0.0522
-1.9491	-1.1559	0.7535
-0.2326	1.4298	0.0184
-1.9637	0.0400	-0.9835
0.4918	0.4744	-0.2613
-1.8909	-0.7033	1.1073
0.5591	0.8775	-2.5871
-0.3984	0.6829	-1.3244
1.3848	-0.7264	0.4443
-1.5603	-1.8054	2.7564
1.6910	-1.5611	-0.5841
1.3850	-1.0835	-0.2936
2.4359	2.0320	-1.7907
-0.2639	1.1680	0.4880
-0.8134	0.0052	-0.3780
2.2570	-0.0657	-1.6754
-0.2239	0.9558	0.8758
1.0023	-0.1048	-0.0487
-0.7793	1.8534	0.0686
0.9433	0.8238	-0.1350
1.9357	-0.6694	-0.8917
-0.0199	0.5202	1.0410
0.8833	-0.5403	0.4106
-0.1963	-0.4077	0.8095
1.4196	-1.4656	-0.2838
-0.0086	1.4534	2.2788
0.0076	-0.8291	0.5873
-0.0608	1.0256	-0.5237
0.0258	-0.4120	0.6725
-0.8940	1.1361	0.7707
-0.7295	1.0965	0.6040
-1.4034	-0.5458	-0.7817
-0.2572	0.1938	0.6529
1.4144	0.9793	-2.1535
-1.6213	-0.3140	0.7205
0.7633	-0.5468	0.2342
0.4417	-0.6365	-0.2407
-0.5023	1.4498	0.3795
0.0452	0.3435	0.6885
1.9328	-0.8301	-0.8973
0.2906	-0.5556	-0.6254
0.8038	0.3520	0.0796
0.4767	0.8920	-0.9710
0.6432	0.2676	0.4039
1.7156	-0.7773	-0.4348
-0.0112	0.9311	-1.5400
-0.0997	-0.5072	1.1130
0.1888	0.3582	-0.0190
-0.9211	-0.4231	-1.2412
-0.6305	0.2125	-0.6717
-1.2431	0.8012	-0.2459
0.3366	0.5685	0.7731
0.5550	-2.5436	-0.6446
-2.9054	-3.9577	4.3981
0.9123	-0.1909	1.7444
1.1985	0.1465	-0.2684
-1.7117	2.7288	0.4525
2.3525	-0.2090	-0.9611
-0.2506	-0.2994	-1.2842
-0.2481	0.7725	2.6556
0.7753	-0.0983	1.6687
-1.0671	-0.8264	0.4771
-0.5738	-0.0145	-1.7027
-0.7813	0.2405	0.2220
-1.3723	-0.6458	-0.6931
1.6607	-2.2327	-0.4579
0.3354	0.3150	-2.9585
0.4908	0.6030	0.3545
1.0735	-1.4716	-0.1023
-0.9067	-0.5256	-0.8605
-0.1631	1.1344	-0.3001
1.8530	-0.3640	-0.3485
-0.3187	1.7930	-1.4009
-0.2651	0.9433	1.7887
0.1340	-3.3400	1.2358
-1.9323	-1.3992	3.0806
-0.6603	1.2949	0.0366
-0.7974	0.8299	1.6460
-0.6429	-1.8325	1.8297
0.0526	1.1251	0.8016
-1.3022	2.5202	0.2008
0.1067	-0.3023	0.8705
0.4381	-0.5072	-0.3550
-3.0454	-1.1770	2.1961
1.8374	-0.8717	1.5140
-1.6464	-1.0146	0.4242
-0.4693	-0.0296	-0.5525
-0.1448	1.1908	-1.3127
-0.2959	-0.3289	1.8732
-0.4960	1.2354	1.7630
-0.3117	-0.5277	-0.6620
0.1307	-0.6331	0.6594
0.2425	1.3178	-0.1346
-0.2750	-1.6411	1.4276
-0.7469	-1.4002	0.8271
0.3283	-0.3819	-1.6033
0.5307	0.7951	1.9945
-0.8334	-0.8556	-0.3120
-1.8896	1.2957	0.8377
0.0642	-1.1554	-0.0785
0.7452	0.8516	-3.2214
1.1479	0.5174	-0.2695
-0.1499	0.1765	-1.8244
-0.1353	-0.6043	-0.1999
-0.6148	-1.4238	0.2639
1.2183	-0.6639	-0.1935
-1.6235	-0.2900	-0.5670
0.1608	0.7172	0.6797
-0.7226	-0.0520	-0.9084
0.3026	-0.0801	3.0093
-0.2177	0.4317	0.6270
-0.9355	-1.2207	2.0629
-0.2115	0.9400	0.1655
0.0464	-1.0746	0.3699
-0.6798	0.9240	1.5371
-3.3056	0.2272	1.2153
0.1057	0.9106	1.4343
-0.1270	-0.2458	-0.1557
0.9114	0.7660	-2.3970
-0.9075	-0.1955	-0.4271
0.6111	0.8706	-0.5267
0.2526	0.1161	2.0516
-0.3086	-0.0881	-1.6875
0.1346	0.8106	0.0853
-1.0779	-0.3062	0.2795
-0.7317	-0.8326	0.1181
3.0117	-1.8392	-1.8711
0.2433	-1.3775	-0.4141
-0.1277	-0.9207	-0.2727
-1.0953	0.4291	0.8729
-0.7100	-0.4779	0.2482
-0.8142	0.0013	-1.3890
0.4869	1.7221	-1.0496
1.0624	0.5381	-0.2051
0.9999	2.0081	-1.6003
1.1607	0.7398	-0.3185
2.9469	-2.5738	-1.4562
-4.8391	1.2814	2.2533
1.0579	-0.6053	1.2208
-0.4922	0.3507	-0.1093
-2.7977	-0.9943	3.0504
-0.2564	0.6314	3.7595
0.4604	-0.4062	-0.0410
-0.3757	-0.8747	0.3288
0.9214	1.2818	-2.4777
-1.9028	-0.5811	1.1930
-2.1059	1.3888	1.1341
-0.9113	-0.3793	-0.5708
-0.0336	1.6970	-0.9490
0.3140	0.4853	0.5485
0.7873	1.5764	-1.2855
0.5872	-0.3720	-0.0928
-1.2744	-0.5175	0.0758
1.0028	-0.5930	-0.0013
-1.4528	-0.4440	-1.0075
-1.2355	-1.0212	-0.0015
-0.5881	-0.0231	-1.6041
2.0685	0.3512	-1.1935
-0.3889	0.2393	-1.4490
0.4633	-0.4006	0.5007
-2.6232	-0.3461	1.2404
0.0901	-0.4394	-0.8214
-0.4414	0.3892	-1.7448
-1.7497	-0.2905	0.9440
-1.1858	-0.0575	0.0563
-0.4570	-0.5013	-0.4021
2.4476	-1.0907	-1.3692
0.5925	-1.4852	0.5198
-1.3660	0.1715	0.8181
-0.1482	0.1056	0.4595
-1.2621	-0.7075	0.8186
-0.7336	1.5974	0.5964
-0.8733	2.4400	-2.3147
0.1519	0.1012	0.3914
0.2481	0.4829	0.7472
-0.6251	-1.3505	0.8153
-0.9071	0.2383	-0.4150
-0.8171	1.8986	0.9034
1.3998	-0.8195	2.7521
0.7329	0.0490	-0.1872
0.0921	1.0882	-0.6874
1.3229	-1.5752	-0.1877
0.7402	-1.1275	0.3266
-0.7618	1.5679	1.9455
-0.9562	-0.0215	-1.5090
-0.6809	-0.1603	0.8274
0.1179	-1.4918	-0.3518
0.6715	-0.2944	2.3347
0.4187	-0.7749	0.3795
0.6070	-0.0781	1.0412
-0.2650	0.0638	-0.5090
1.8122	-0.8953	-0.7858
0.8917	0.3918	-0.3546
0.3434	-0.9220	0.0963
0.3594	1.1259	0.2667
-0.8921	0.1515	3.8356
-1.2408	1.4104	0.5458
1.3683	-0.2110	-0.0402
-0.9499	-0.9786	2.0194
-1.4069	0.0055	0.4683
0.1054	1.3117	-0.3352
-1.7186	1.5028	1.0867
-2.7340	-0.6110	2.8493
-0.1102	-0.1990	-1.0287
-2.0568	-0.3189	2.4615
0.3410	0.3899	0.9513
-0.7706	0.5950	-1.6612
0.1904	0.1566	2.1753
1.4856	-3.3749	-0.1153
0.4075	-0.1932	1.0354
1.9028	0.1018	0.1782
-0.7546	-1.2896	0.4392
1.1194	-0.0507	-0.8979
-0.3273	-1.0036	1.3862
0.0849	-0.5203	0.5830
-1.9843	-0.1494	-0.7002
0.8203	1.2309	-1.9634
1.6615	-1.3698	3.0978
-0.8776	-0.7195	0.1936
-0.9799	-0.4318	-0.7361
-0.9075	0.2084	0.3447
-1.3225	-0.6884	0.7953
1.5469	2.2282	-0.9113
-1.1998	-1.4523	1.2171
-1.0969	2.6401	-0.1988
-1.3747	-1.6085	2.5251
-0.0423	0.1820	-0.1091
1.1943	1.7018	-2.9027
-0.9382	0.1997	-0.0135
0.4865	-1.4026	-0.0146
0.0865	1.7825	-0.2931
-0.9668	-0.2242	0.5393
0.7108	-1.2154	0.3695
-0.2457	0.8461	-1.4206
0.3455	0.6804	-1.0173
-0.3655	-0.7412	0.8237
-1.4417	0.9895	1.4147
0.3239	-0.3055	0.1110
-0.4973	-1.2453	1.2923
0.1169	0.2460	3.1232
-0.5008	-2.6950	1.7967
-0.8549	0.7784	1.7050
1.0988	-0.4677	0.7515
0.3197	1.7746	0.3857
1.3790	-0.9896	2.2690
-0.5655	0.7224	-0.2083
0.3679	-0.5342	0.1585
-2.2046	0.1799	1.8221
-0.0323	-1.5576	1.1794
3.6886	1.3162	-2.9669
-1.3008	1.6221	-1.1628
0.2174	-0.6303	1.9758
1.1528	0.2926	1.2617
-0.4958	1.9590	-0.5447
1.1355	-1.1082	0.0052
-1.3802	3.5909	-1.3460
0.1914	1.1306	1.3499
-0.1798	0.3577	-1.3967
-0.2417	-0.0756	1.5415
0.0596	-1.2349	1.0298
-2.1940	1.7695	0.1058
-0.6949	-1.1472	0.3778
-0.7690	-1.2022	1.0794
1.7317	-0.1503	-0.5241
-0.2814	0.0878	0.4441
-0.9014	-0.0358	1.8622
-2.6304	1.5513	1.5544
0.0627	-1.0503	0.0318
-1.1809	0.0141	0.3907
-0.8934	0.1093	1.8195
-2.0210	-0.2720	1.4918
-0.1354	0.7247	-1.6186
-1.1383	1.9909	-0.5365
0.1208	1.0894	0.9239
0.8877	1.0678	-2.3882
-0.2511	0.8837	0.3007
0.3517	-0.3086	0.9125
-0.1790	-1.4364	-0.2102
0.6155	1.0383	-2.2361
0.4725	1.1615	-1.9333
0.2577	-1.2027	-0.7839
0.2147	1.0614	-1.7159
0.2330	-0.6349	0.4536
0.2337	1.2959	-1.7753
0.2540	-0.6107	-0.1864
-0.1429	0.5229	2.3311
-2.3443	-0.1914	3.3657
-0.1127	-1.7573	1.2846
-1.7478	0.1034	1.3366
2.2209	-1.4228	-1.1280
-0.9855	-0.2312	-1.2431
-1.0998	-0.8091	0.1482
1.1423	1.1947	-0.3752
-0.3047	1.6238	2.0120
-1.2402	-0.4389	0.8099
0.3996	-0.9067	0.5809
-0.8353	-0.4459	-0.1638
-0.4954	0.2764	0.5176
0.2373	0.6397	1.7938
-0.4845	0.0089	-1.2025
-0.1782	-0.0566	0.0963
0.3830	0.7938	-1.8618
-0.0518	-0.7446	0.6469
-0.3188	1.8771	-0.1439
0.5874	-0.8660	-0.1122
0.3707	-0.9407	-0.7145
-0.4197	0.5783	-1.4507
-2.0438	1.2579	1.8031
-0.4503	0.7831	0.4476
-0.3213	0.5862	0.3516
-1.2871	-0.8178	0.3214
0.0835	0.3771	-1.9651
-0.6340	-0.1021	1.5388
-0.6602	0.3857	-0.3134
-0.4002	0.7154	-1.8066
-0.4133	0.0420	-0.6631
-0.6801	-0.1774	-1.4366
0.0085	-0.3513	-0.4481
1.2961	0.4072	-0.4106
1.5448	0.5088	-0.6773
-0.9767	-0.4589	0.7786
0.0290	0.5970	0.2084
-1.5000	0.3872	1.4965
0.3269	-1.0261	0.5507
-0.7911	0.4920	0.0577
-0.7676	1.5793	0.3759
0.5859	1.2573	0.1964
1.1259	0.8804	-0.6641
0.5362	1.1946	-1.1932
0.2848	0.6221	-0.4068
-0.9704	0.1825	-0.1606
0.8232	-0.2232	0.8076
0.1678	2.3059	0.4717
1.9088	-0.7485	0.2980
-0.7315	-0.0448	-0.7201
2.6059	-1.5015	-0.8297
1.2430	-0.4807	0.7924
0.2983	-0.9928	0.4647
0.3767	-0.1572	1.8741
0.5621	-1.1159	0.6360
-0.5878	3.1216	-3.7267
-0.3579	0.4882	1.6463
0.6213	1.3786	-1.4324
-0.3969	-0.8619	1.4831
0.9831	-0.3619	0.6550
-0.0808	-0.7841	0.4087
0.4183	-1.5059	0.7320
-2.0723	1.8918	0.4295
-0.0629	-1.6168	1.2204
0.4771	-2.4609	0.7701
-0.1050	0.8653	-0.5150
-0.0747	-1.1808	1.4108
-1.3194	1.4179	-0.8361
0.6739	1.5452	-1.6242
-0.7377	-0.2384	-1.2750
0.3740	-0.0784	0.2787
0.1432	-0.5296	0.8806
1.2999	-0.7000	0.3549
-0.1532	0.0937	0.5248
-2.3721	-1.4440	0.7167
-0.8970	0.5176	1.7762
-0.6493	-1.2977	0.5749
-1.1265	-1.6302	2.3038
1.6369	-1.0632	1.8463
-0.7764	-0.0597	-0.0149
-1.2873	-0.1020	0.6019
-1.3012	1.9839	0.6123
0.3394	-1.4171	0.4951
0.6447	0.0467	0.2896
-0.3998	-0.4839	1.4845
-1.1407	-0.0937	0.8575
-0.5380	-1.0499	0.6374
-0.3928	-1.2219	0.4953
1.1941	-0.4925	-0.4039
1.8837	-1.2455	-0.8048
-0.5602	-1.1246	0.5764
2.4261	-2.0394	-1.2528
-0.8661	0.2376	0.2778
-0.4198	2.3752	0.2716
-0.8395	0.1543	-0.1143
-0.9726	0.4030	0.8533
0.1656	0.8722	-1.8151
1.2653	-1.5173	-0.1553
0.2997	-2.0981	0.8938
0.2413	-0.4668	-0.1677
1.0740	-0.8305	2.4378
-0.2215	0.7587	0.1638
1.0574	-0.6876	0.1285
1.6223	-2.1883	-0.4119
0.4606	0.7428	0.4080
2.7508	-0.4235	-2.7137
-0.4099	0.0287	-0.9053
-0.1573	0.9163	1.7414
0.1144	-0.8515	0.3476
1.1632	0.0645	-0.3938
0.0915	-0.7916	0.7053
-1.6429	-1.1057	0.6262
-0.7426	-0.4462	0.7872
-0.4886	-0.5186	-0.3275
-0.6369	0.4435	-0.2525
-1.5663	0.1613	1.0187
-1.1004	0.3194	0.9052
0.8615	-0.9716	0.1967
0.0096	-0.0432	0.1610
0.3270	-0.6516	0.8810
-0.4669	0.3963	0.1939
0.1095	0.5170	0.4152
-0.4124	0.2479	-0.5809
-0.8188	0.6198	0.7881
-0.7479	0.2276	0.2913
-0.1903	-1.3798	0.0683
0.4690	-1.9606	-1.6191
-0.4379	0.1950	-0.1584
2.2776	-1.2894	-0.7575
-1.0020	-0.4238	-0.0294
-0.8859	1.3957	-0.9720
-1.1474	0.6779	-1.4666
-1.0153	0.5282	0.9963
-0.8069	-1.2670	0.2640
-1.3429	-1.3386	2.4618
0.3025	0.6068	-2.8369
-0.2775	1.2954	-0.2118
0.8141	0.6450	-0.3714
0.3231	0.1002	1.2097
0.8514	0.5772	2.7359
-0.8036	0.0490	0.5502
-0.9978	0.1192	-0.8920
0.7213	-0.6223	-0.4624
-1.4893	-0.0132	1.1325
-1.6609	0.1436	-0.4503
-1.8254	-1.0838	1.1629
0.1178	-1.3573	0.4797
-0.7539	-0.7365	0.1181
0.5787	0.4777	0.4497
-2.7556	-1.2007	2.3232
0.9276	1.4763	-1.8848
0.1948	0.3777	2.1191
0.7785	0.5848	-1.5926
0.8581	1.3284	-2.6508
-0.3752	-0.9289	0.3763
-0.7733	0.4585	0.1944
-0.1713	0.9479	0.7556
1.5958	-1.3091	1.6929
-0.6835	-0.8147	-0.0675
-0.2504	-1.6098	0.2076
-0.0468	-0.8776	0.0530
0.0825	1.3155	0.6779
1.6653	2.3289	-2.8872
-0.1487	0.6239	-2.1178
0.9093	1.2759	1.1057
-1.2168	1.2651	-3.6617
0.3569	0.5434	-0.1828
-0.0801	-0.2998	-1.1490
-1.2126	0.1454	0.2479
0.0663	-0.3159	0.1169
0.6327	-0.7774	0.1546
-2.7695	-0.8634	2.7525
-0.1023	-0.1727	1.0657
-1.0902	1.0555	2.4523
-0.0142	1.6436	0.1847
-0.2419	-1.4194	0.1849
-0.4433	-0.9586	0.0285
-0.7865	1.4837	1.4411
-0.4795	1.3308	-1.0470
0.8030	0.3158	-0.3090
-0.7589	2.2599	-2.1482
-1.3587	0.5278	1.7270
-0.3634	-0.0068	-1.6805
0.0052	-1.0209	-0.7158
0.7524	-1.3081	-0.3351
0.1580	0.6589	-0.0357
2.0184	-0.8799	-0.9764
-0.0328	-0.1377	-0.4992
-1.2924	0.4070	1.6058
0.4941	-0.3103	-0.7492
-1.7675	0.1831	1.1361
0.4805	-2.2366	-0.4552
0.0900	-0.5920	-0.1783
1.1797	-1.4649	0.5035
-2.3264	0.1297	1.4486
-1.0656	-0.3964	2.0652
-0.0559	-1.4623	1.6899
-1.3098	1.0458	1.6452
-0.2015	-0.7239	1.2525
-0.8891	0.5904	0.6155
-1.7850	1.3429	1.8513
-1.0994	0.3784	0.6327
-0.2097	0.4652	-1.1256
1.5574	-0.6374	1.6169
0.9795	-0.8116	1.4952
-0.8159	-0.3059	-0.6317
0.1778	-0.8529	0.4298
-0.2599	0.9040	-0.7445
-1.4229	-1.3733	0.8542
0.2878	-0.0757	1.5937
-1.0120	-0.7933	-0.3645
0.4203	-0.8902	2.4374
-1.1429	0.4789	1.0381
-0.5407	-1.0180	-0.2245
-0.3313	-0.3929	-1.0663
-0.5985	-0.4263	-1.4018
1.8088	-1.1345	-0.7205
0.2928	0.6477	1.1013
0.0035	-0.5910	-0.1378
1.3577	-0.2647	-0.9419
-0.7139	1.8482	1.0501
-1.0608	-0.2764	-0.5715
0.9285	-1.1883	-0.6703
0.0766	-1.0955	0.7082
0.7522	1.0576	0.0520
-0.1192	-0.3982	0.4306
-0.0954	-0.3525	0.3526
-0.3090	0.1696	-1.4816
0.1596	-1.5514	1.9200
-2.7019	0.1779	0.9859
1.2265	-1.0563	3.3433
-0.8905	-1.2480	0.2546
-0.3120	1.1065	2.0086
0.0362	-0.2056	0.3508
0.3827	1.1813	-0.1454
-0.4629	1.2083	-0.7311
0.5745	2.5596	0.0417
-0.3541	2.0151	-0.4552
-0.2719	0.1235	0.8092
-0.7004	0.4865	1.5560
-0.9616	-0.3085	0.7292
-0.3404	-0.5095	1.3808
0.9684	0.3685	-2.2099
-0.6408	0.7234	0.3326
-0.7585	1.1429	0.7096
0.6227	-1.1323	-0.2237
-0.3018	0.8387	-2.4579
-0.6727	0.3696	0.5919
-0.2579	-1.5808	0.5482
0.5175	-2.5122	0.7234
0.1511	-0.4684	0.8493
-0.5927	-1.1841	0.9398
-0.5960	-0.2252	-1.1672
-0.5844	0.1940	-1.4579
-1.1404	0.2295	0.2095
-1.0030	1.1961	1.7361
-0.5448	-0.6395	-0.4415
-0.3516	-0.5731	1.3784
-1.6220	1.2956	0.8840
0.1341	-0.2286	0.3917
0.7989	0.7179	0.2283
-1.1222	-0.5253	-0.0278
-2.0812	1.0520	-0.1181
0.6835	-0.1254	0.2609
-0.9232	-0.6138	0.8052
0.0759	-0.3005	0.9198
1.0314	-0.5840	-0.2911
1.6593	-2.4651	-0.5258
0.2687	-0.1735	2.7781
-0.4453	1.9413	-0.9634
-1.5737	1.1585	-0.9319
-0.1730	0.0451	-1.9038
-1.5052	0.8063	1.1300
0.3021	0.4242	1.2846
-2.0697	-2.3032	3.3223
-0.2966	0.0136	-1.3771
0.3043	-3.3377	1.0611
-0.6166	0.2815	-0.8600
-0.2518	-0.3078	-0.3017
-1.1561	-0.1342	0.7121
-0.0445	0.0635	0.4073
-0.1472	0.2000	0.9998
0.2164	-0.2414	-0.7937
0.4971	-0.6550	0.2354
-0.7069	-0.4045	0.4478
-0.3457	1.8961	-1.2036
-0.2355	-0.7110	0.8658
1.5229	1.4603	-0.7861
-1.1331	2.1775	0.0971
-1.2927	0.1463	0.5944
0.4925	1.1029	-0.0024
0.2355	0.7367	-0.1184
0.1920	-0.4502	-1.4076
0.8996	0.8941	0.6213
2.0445	-0.3250	-1.4988
-1.2818	-1.1337	0.4312
-0.0902	-0.6780	0.1147
-0.9181	1.3909	0.5545
0.3115	0.4567	-2.6646
1.3482	-0.1586	-0.0299
0.8633	-0.4972	0.2703
-0.6218	-0.5850	-0.2300
0.1596	0.9327	-1.3476
-0.8101	-0.8943	1.8819
1.2859	1.6631	-3.2523
-2.0731	0.0210	0.3269
0.9280	0.2658	2.2415
-0.4447	1.1495	0.7457
-0.1819	0.0226	-1.7401
1.9603	-0.6785	-1.5282
1.4071	1.9226	-2.9671
1.4280	-0.6537	1.1677
-0.6670	0.4955	0.1439
0.3412	1.1350	0.1710
0.6477	-1.9407	0.5496
-0.4559	0.3213	0.6322
-0.4447	-0.6142	-0.6705
-0.0850	-0.9834	-0.1660
-0.3085	0.2524	-2.8592
-0.4881	-0.1285	-1.3757
-1.4883	-0.4570	0.0648
1.3294	-0.7774	-0.3179
2.0619	-0.7342	-1.0660
-1.6781	-0.8536	2.7677
-0.8485	-0.9559	-0.0697
-1.2610	-0.0997	-0.1933
-0.7937	0.9487	0.2175
0.8160	0.1812	-0.2975
0.6906	0.9633	-2.3424
-0.1948	1.0625	0.0857
-0.6655	0.3395	-1.4019
-0.7956	-2.0362	2.0126
-1.6382	0.0909	1.5815
0.1880	1.1885	0.7078
-0.4574	0.7096	-0.5555
1.3964	-0.3370	-1.9567
-1.2459	0.4947	2.1359
0.1746	-1.9920	1.0173
1.6563	-0.8985	-0.6391
0.7543	0.7959	0.0829
-0.2151	1.1063	0.7701
-0.7589	2.0429	-1.3021
0.9830	0.2892	0.3501
-0.7796	0.0902	-0.6345
1.3627	-1.5407	-0.4456
0.0733	0.6838	-0.1386
0.1571	1.2147	-0.4666
1.0249	-0.4637	-0.0334
-1.6459	-2.2478	2.8952
-1.5454	0.6288	0.7179
1.6876	-1.5947	5.1676
0.1077	0.6346	-1.6051
0.4324	-0.1390	0.5121
-0.4491	-0.5647	1.4602
-0.1915	0.4542	1.0283
0.0781	0.5059	1.9407
0.2781	0.0970	-0.6177
-0.2872	-0.5535	-0.1643
0.5891	0.8288	-1.0648
-1.3329	0.0183	0.4088
-0.5760	1.3364	0.6493
1.3944	0.2160	-0.4829
-2.0532	0.4612	0.2904
2.4872	-0.8068	-0.5128
-0.8764	0.8961	1.7082
-0.8431	0.0018	-0.4733
3.0985	-1.5433	1.2208
-0.8886	-1.1822	0.2661
-0.5697	-0.3586	1.5537
-0.7986	-0.9019	0.4508
-0.3172	-0.5749	-0.8770
0.3240	0.0202	0.6096
0.6267	0.9243	-1.7774
-0.9527	-0.3520	-1.0852
-2.2323	-0.6664	1.2634
-0.5547	0.5594	2.8166
-1.1098	0.1733	0.6393
0.2529	0.1397	-2.4505
-0.6652	-0.5967	0.4589
-0.1778	0.0182	-1.0832
-0.2425	1.4675	-0.7674
-0.3968	-0.5788	0.7008
0.7018	0.2432	0.1980
0.7791	-0.2877	0.8445
-1.1585	-0.0334	-1.3694
-0.3333	-0.9967	0.3408
-1.4199	0.9050	-0.7835
-0.0364	-0.2496	-0.8254
-0.9703	-0.0052	1.9303
-1.7672	-1.2225	0.7131
-0.9058	0.9919	0.5891
-0.7014	2.3482	-1.5087
1.5917	-2.2354	-0.2139
-0.1670	-3.0674	1.4968
-0.9589	0.2918	0.3813
-0.2492	0.7099	0.3309
-0.1195	1.1018	-1.0329
0.0106	0.0943	0.8371
-0.6703	-0.2538	-0.7751
0.3916	0.6216	0.1502
-0.3823	0.7203	-0.9381
0.5408	-0.0315	0.4014
-1.0355	-0.4098	-1.1123
-1.7624	0.3584	-2.3422
-0.4874	0.3549	0.3735
-1.3689	1.9935	1.4616
0.3952	-0.2289	0.5783
1.4969	-0.0190	-0.2232
-1.2964	2.0532	1.5180
-0.6829	0.4252	1.5848
-2.1067	0.1098	-0.1640
-0.3372	1.2349	1.2261
-1.7654	-1.3662	2.8818
-0.3110	-0.4655	1.3091
-0.2392	2.2588	-0.3413
1.2909	-0.0012	-0.6846
0.8359	0.5757	-0.7315
-0.3838	0.5249	2.2117
-0.8719	-0.0749	-0.7477
1.2108	0.1866	0.1118
3.4628	-1.1449	-2.4094
-0.3077	0.2014	-1.6120
0.9532	-1.0156	-0.0315
1.3104	-0.8414	2.0679
-1.0758	-1.0416	0.8909
-0.6299	0.8373	1.4716
0.1562	-0.4709	0.9437
1.3249	-0.6053	-0.3179
0.2134	0.5989	0.6634
-1.6674	0.0518	1.8327
-2.4765	1.0361	0.3655
-2.3569	0.6462	1.7310
-0.0278	0.1365	-1.6596
0.4175	1.3585	-1.3369
0.4785	1.4180	-1.8994
-0.3376	-0.5956	0.2421
-1.6121	0.9722	-1.3074
0.1043	-0.8016	0.9439
-2.5095	-0.2107	3.0213
-0.7980	-0.0571	-0.7639
1.1192	1.1947	-2.8347
1.2151	0.3081	0.2450
-0.9430	-1.1250	-1.4870
-1.0668	-0.7236	-1.0822
0.9087	0.9609	-2.7659
-0.3968	-0.9443	0.2144
0.4233	1.2501	-1.2806
-0.3419	-1.1390	1.0769
-2.1257	-0.7380	1.7739
2.5044	-1.2259	3.7305
-1.1541	-1.6981	0.3903
-0.4668	0.1383	-1.2536
-0.8308	-1.3486	0.3028
-1.9314	0.4036	-0.5043
-0.8587	-1.5498	1.4000
-0.2383	-0.8299	-0.1919
-0.6431	-0.6279	1.6852
-0.0428	1.0388	-0.9126
-1.7729	-1.1438	0.3614
0.0610	0.8773	-2.0051
0.1230	0.2885	-2.3663
0.2313	-1.0019	1.0608
-0.9240	-0.3657	1.9338
-0.1740	1.1800	-0.7932
-1.2752	-0.6527	-1.0374
0.6138	-0.7728	-0.6757
-0.0938	1.1965	1.7973
-1.3786	0.4460	1.2945
1.4234	-0.9156	-0.3116
0.0468	-0.5834	-0.5688
0.8652	-0.2351	0.0907
-0.6217	1.7090	-0.9932
0.0826	-0.9292	0.1630
-1.1903	0.5112	0.1543
-0.0491	1.1444	0.0650
-0.7195	2.2613	0.1756
0.7343	0.2209	1.3890
-0.6240	1.2870	0.9307
-1.6209	0.0268	2.5964
0.0195	-0.3135	1.7534
1.3855	0.0043	1.3245
0.5136	0.1615	1.4210
0.1672	1.4830	-0.7731
3.1617	0.3784	-2.3072
2.0428	-2.3812	-0.8159
0.5294	-0.9717	1.3649
-0.7077	1.1657	2.1425
1.1888	-0.0839	-0.8644
-0.4300	0.2652	-1.7433
0.4168	1.5338	-0.3656
-1.2012	-1.6443	2.3874
1.6751	-0.7341	1.1170
-0.0932	-1.2479	0.8639
-0.7555	1.3645	1.9210
-0.5864	0.3438	-0.8673
-0.2321	0.1992	-1.2491
-0.7433	0.1983	-0.3080
0.1859	0.2079	0.9573
2.9939	0.1613	-2.1020
-0.8970	2.2459	0.8875
0.4585	-0.3668	-0.0192
-0.5599	0.2461	-1.5264
-1.0559	-1.6285	2.2212
0.5177	-0.6018	2.5777
0.7157	-0.9323	4.0436
-0.5929	-0.1551	-1.5862
0.4537	0.5873	0.3330
-1.7632	-0.8999	0.6855
-0.6171	0.7117	1.0438
1.6194	1.8992	-3.3106
-0.6325	-0.0604	-0.4981
-0.0800	0.0027	1.0379
-0.2659	1.0823	0.1783
-2.3399	-1.1483	0.8290
0.4722	-0.0295	1.3181
0.2047	0.4802	-0.3783
-0.5586	0.5170	-0.6826
-0.3108	0.9412	-0.1399
-1.2984	-0.5094	-0.8450
1.0111	-0.8619	-0.0085
-0.2057	-0.2197	1.3200
-0.4256	-0.9337	-0.1847
-0.2544	-1.0793	0.0409
-1.2874	-0.8628	0.2121
2.3734	1.5312	-1.6440
1.1292	-0.7359	1.7613
0.8091	1.0535	-2.5212
-0.4971	-0.6375	-0.1702
0.7651	-0.4676	1.5801
1.4226	-0.1300	-0.4788
-0.1958	0.4547	1.9120
-1.3558	1.3654	-1.1000
-1.0292	0.0920	-0.5621
0.9412	-1.8141	2.0394
-1.4764	0.5702	0.8861
0.6649	-1.2497	0.4455
3.3776	1.0590	-2.6036
-0.9701	-0.0146	1.9289
-0.7390	0.5052	-2.2871
-0.0001	-0.2249	1.5951
-0.3897	0.0847	-0.8605
-0.1487	-0.8415	1.1905
-0.6957	0.5026	0.5075
1.3382	0.9454	-2.6045
1.0373	0.3794	-0.1815
-1.1967	-0.3993	-0.6284
-0.9255	0.2072	0.0338
0.7536	0.3703	0.4860
-1.0651	0.5668	0.5215
-0.4806	0.3960	2.8139
-1.6169	1.1586	1.0976
-0.8859	0.0012	0.3227
0.4474	-0.6277	1.0562
1.8614	-1.0819	1.2001
-2.7014	0.7448	1.7005
0.8900	0.3840	-0.0018
1.2542	1.8262	-1.9452
0.6625	-0.3837	2.3952
-0.6653	0.5038	1.5389
1.7171	-1.5338	1.7151
0.0076	-0.6414	0.8897
0.0901	1.1511	0.9511
1.6384	-2.3872	-0.9236
2.4770	-2.0684	-1.1796
-2.5519	-0.7896	1.2745
1.3464	-1.6569	-0.5262
1.5711	-0.8567	2.2889
1.2433	-0.6158	2.0032
-0.8967	0.2599	0.0897
0.1508	0.6108	0.3131
-1.0845	1.2613	-1.0321
-0.2986	-0.6266	0.1735
2.1130	-0.7604	-0.2474
-0.2207	-0.3739	-0.4458
-0.9256	0.9051	0.7117
-0.2439	1.2390	1.0905
-2.0762	-0.9402	0.7238
-2.4265	-0.9686	1.5435
0.4368	-1.0469	-0.4108
-2.6829	1.4190	1.5471
0.4349	-1.8568	0.7457
-0.6884	1.1534	0.7477
-0.4195	0.5261	-0.9657
1.7023	-1.9615	-0.5032
0.2765	1.0650	-0.9540
1.3536	-1.2071	-0.2690
-0.6813	0.7423	0.9526
-0.6624	1.9374	1.8280
-1.2199	1.4945	1.9790
1.6634	-1.9439	-0.4778
0.3480	-1.0237	-1.5566
-0.1859	1.3632	1.6553
0.1657	0.6407	0.4713
-0.2459	-0.4546	1.5441
-1.4801	1.9803	-0.3451
-0.2952	-0.5082	-0.7477
-0.2128	0.8520	-1.7223
0.0059	1.4810	0.5190
-0.8547	0.6569	0.3082
-1.5241	0.7898	1.4635
-0.7274	-1.2327	0.6465
-0.2844	0.4803	-1.1718
0.6862	1.4784	-1.5622
-0.9415	0.2915	-2.0164
0.2069	0.9115	-1.6966
-1.1817	-1.4429	1.3748
0.2937	-0.7338	0.7516
-0.4571	0.0375	-1.5830
-0.5179	-1.9442	0.3312
-0.3635	-0.2351	0.0182
-0.7132	-0.6072	-0.1972
1.8321	-1.0769	0.3155
0.4694	0.3706	0.9395
-1.1913	-1.0332	0.6965
1.7157	0.0491	2.3616
-1.6216	-0.4774	0.2375
0.7397	1.1697	-1.7810
-0.9108	0.9137	0.8571
1.0376	-0.0008	-0.1089
0.4335	1.7725	0.2618
1.0673	-2.0853	0.1301
-0.2132	-0.4903	0.2618
-1.1936	2.4793	0.7133
-1.7021	-0.6495	0.3056
-0.5865	-0.8903	0.6171
-0.3048	0.7702	1.5727
1.1456	-0.0096	-0.1977
-1.2186	1.6310	1.0366
-0.1351	0.0795	-1.0731
0.0598	0.7564	-0.9325
-0.5819	1.2166	1.3901
2.6459	-0.3022	-1.6906
-1.5221	-0.9905	0.1908
-0.4526	1.3240	0.6188
-0.0137	0.2414	3.3748
-1.9841	2.2828	0.8625
0.6335	0.2737	0.2658
0.6747	0.6091	0.6000
-0.6087	-0.6818	-0.0702
-2.5119	-0.0667	1.1518
0.6306	-1.1298	-0.3003
1.2477	-0.6511	1.6529
0.2879	-0.7916	-0.1286
-0.9972	0.2687	-0.2620
0.3304	0.4257	-2.0822
-1.2053	-1.4543	1.5344
0.8046	0.7554	-0.7490
-1.1657	-0.2471	-0.0956
1.4104	2.0141	-2.6349
-0.5271	0.1609	-2.3601
0.4711	1.2477	-0.1798
0.1153	-1.3273	0.1286
0.1480	0.6268	-2.3067
0.4876	0.1375	-0.3375
-1.0248	-1.1875	1.2040
-0.6743	0.9877	0.8584
-2.7861	1.3192	-0.0783
1.0243	-1.8868	0.1476
-0.6955	-0.7975	-0.5093
0.3181	-0.6194	-0.2258
0.0468	-0.6817	-0.6332
1.1686	-0.5300	-0.1822
-1.0945	1.4634	0.4693
0.6197	-1.9701	-0.7797
-0.5766	0.1288	-1.3307
-0.4858	0.4825	-0.2518
1.1293	-2.6881	-0.8976
-0.5288	2.4675	-0.7367
-1.6601	1.0368	0.8871
0.4162	-1.8926	0.7644
0.6598	1.2563	-2.1335
-1.0326	-0.3454	2.0412
-0.6162	0.0149	-1.0421
-0.5946	0.3353	-0.8528
-0.7555	-0.5111	1.7656
-0.4876	-0.6399	1.4341
0.2953	-0.1729	1.8094
0.3437	0.9962	-0.1745
-1.5909	-2.2418	2.8446
-0.6121	0.3615	-0.0669
-1.3951	-0.2441	-0.5036
0.0991	-1.5588	1.0417
-1.1196	0.8117	1.1734
-1.0186	-1.4626	1.3849
-0.0768	2.0088	-0.4645
-0.4294	0.3600	-1.7520
0.3867	0.1264	1.1210
-0.3358	0.0665	0.5263
-0.5969	1.6732	0.9967
-0.6226	-0.9093	-0.3854
-0.8558	-1.4693	2.0105
-0.7310	-1.6613	0.6744
-1.3080	1.3035	1.2132
-1.3412	0.0389	-1.7607
-0.7154	-1.5121	0.2561
-0.1348	0.5329	-1.8793
-1.0448	-1.0550	0.3666
0.1368	1.0212	-0.8493
0.1590	-0.3428	0.1024
-0.5542	-0.3469	0.4160
-0.6648	0.0478	-0.3690
-2.3462	-0.9200	3.4475
-0.2566	-1.3369	1.3789
-0.5631	0.5570	-0.1207
-0.3173	1.1904	0.2990
1.4360	-0.8260	-0.4037
0.0215	-2.0208	1.2036
-0.1713	0.1075	0.9798
1.4281	-0.0961	0.3957
1.5400	-1.1136	0.4122
-0.4294	-1.2281	0.0951
-2.0321	0.5021	-0.6393
-0.6624	0.4299	-0.1780
-0.1802	-0.0481	0.9558
-1.4544	1.4343	0.0850
0.9102	0.4948	-0.1158
-0.8740	-0.5235	-0.2981
2.5339	-0.1381	-1.6041
-0.2708	-0.9048	1.9978
-0.2795	0.6091	1.1342
-0.7324	0.6057	0.4909
-0.9826	0.2043	-0.5755
-0.1441	0.4195	0.7569
0.3009	-0.6220	0.2642
-0.7497	0.8599	0.2867
0.8420	0.3474	-1.2804
1.0470	-2.2342	0.1601
-0.5035	-0.0307	-1.8157
-2.3917	-0.3080	0.9040
-0.5031	-0.1609	-1.2458
-0.2206	0.7230	-0.5472
0.0334	-0.4381	1.7305
-0.4899	0.0256	0.7407
0.5302	0.8825	0.9573
-0.1491	1.3997	0.6695
-2.8689	-1.1072	2.8549
0.2282	-0.1133	-1.6885
-0.9860	-0.5072	1.0585
-0.0021	-0.4536	4.3347
-0.9455	-0.3928	-0.1354
-1.2175	-0.1405	0.3280
-0.8985	-0.4220	-0.2761
0.2163	-0.9106	2.4142
1.2588	0.1650	0.0011
0.3822	-0.6399	-0.6859
0.3771	-1.0833	0.4770
-1.6873	-1.2381	2.8145
-0.2647	1.7134	0.9820
2.5462	-1.7039	-0.3041
-1.8369	0.8383	-0.2868
1.2629	-1.0619	-0.0667
-0.2723	-1.1230	0.5617
-0.4221	1.3246	0.5125
0.6425	1.4759	-1.6424
-0.4970	1.5628	0.5541
-1.1021	-0.3997	0.3035
-1.7680	-0.3221	-1.1099
-0.9266	-1.3823	0.4678
-0.2287	0.2403	-1.4223
0.3752	0.8090	0.8554
0.9012	1.5436	-1.6903
-0.6560	0.9895	0.4596
-2.3030	0.1138	1.0013
0.4536	0.6716	1.3085
0.1440	-0.7991	-0.0423
-1.5183	1.2704	1.8273
-0.2050	-0.7399	0.1965
-0.1696	-0.0944	-1.2283
-0.8915	-0.3930	0.2263
-0.9831	0.2220	0.5971
-1.4319	0.8784	4.2069
-0.9121	-0.1186	-0.6661
0.3419	-1.0314	0.2871
-0.6100	0.4800	-1.1625
-0.5644	-1.4961	0.9737
-0.6203	-0.9450	0.4810
-1.0915	-0.1375	-0.7366
2.3295	0.6088	-1.4796
-0.9707	1.7266	-1.6890
-2.2107	0.4597	1.4936
1.4655	-0.2598	1.5172
0.7744	1.6009	-0.0702
3.0842	-1.3621	-0.9474
-2.8279	-0.0087	1.1373
-0.7427	-0.0701	-1.1762
-0.2040	0.2215	1.1522
0.8701	0.3087	0.1316
-0.8256	-0.5587	0.0066
1.4793	-1.4328	3.1787
-0.2179	-0.5530	0.0772
0.6486	-0.6295	0.3713
-0.6292	1.1497	0.8845
1.6934	-1.1704	3.4906
-1.0717	0.2644	1.4228
-0.3873	0.5844	-0.8009
-1.8861	1.8367	-0.7762
2.8110	-2.9264	2.7138
0.8030	-0.8297	-0.1836
-0.6327	-1.3362	0.4717
-0.2621	0.7908	1.9240
-0.9804	-0.5902	-0.2209
1.3047	0.8539	0.4661
0.0580	1.1017	-0.8269
-0.9834	1.2837	1.6229
2.1750	-0.4165	-1.2017
-2.0533	1.0547	1.2264
-0.8783	0.4316	-0.1857
1.3209	-0.5347	-0.6876
-1.3210	1.4270	0.7084
1.9869	-2.6092	-0.6520
-0.9443	-0.6897	-0.5521
1.1551	-1.1261	-0.2643
-1.7812	-0.4010	2.1709
-2.1561	2.1860	1.6835
-1.1512	1.0476	1.9797
0.1056	-0.5304	0.9093
1.4545	-1.1763	-0.3219
2.3424	-1.2856	0.6358
0.7593	1.4764	-2.4061
-0.3275	-0.3863	-1.0058
0.2327	-1.6177	-0.0462
1.7304	-2.7706	-0.7126
0.3525	2.9409	0.2100
-0.2663	0.2917	-0.9002
-0.5940	-0.5961	0.1713
-1.9358	-0.5812	0.6101
-0.1518	1.0668	-1.2708
-1.0177	0.1322	-1.3100
0.8935	-0.8568	0.2501
0.2860	0.9795	-2.4057
-0.4818	0.4549	-0.7507
1.3288	0.3039	-0.4647
-0.0869	-0.3571	-1.0105
2.7194	2.6612	-2.1395
-0.7936	-0.9053	0.1750
-0.5647	-0.3177	-1.0285
0.0441	0.5226	0.9605
0.1721	1.0688	-1.5720
-0.1860	1.4188	0.9521
-0.1103	0.9509	-0.9243
-0.4794	-0.1922	-1.2597
-1.9588	-0.2102	1.3941
1.4199	-1.3086	2.5283
-0.5059	-1.4395	0.1150
-0.3259	0.3729	0.1782
-0.1264	0.9311	1.0020
0.2954	-0.7961	-0.5565
-0.2773	-0.2834	0.1075
-1.1421	1.0251	1.9927
-1.0842	0.4993	0.7106
-1.8633	-0.2459	0.8703
-0.4351	1.3231	0.7306
1.4174	-0.8861	1.1478
2.0508	-0.7580	-1.3544
0.1307	1.4154	-0.0454
3.3691	0.5341	-2.5226
2.7920	-1.5133	-0.5169
0.1407	-2.3946	-0.1871
0.0278	0.7868	1.1221
-1.4720	0.6409	1.4431
1.1653	-1.8383	-0.0165
-1.6196	0.7533	0.3725
-0.8946	-0.8315	1.9735
-1.2804	-0.2757	0.0408
0.5708	0.6800	-1.2968
0.6792	-1.6711	0.4685
-1.1684	-0.1230	-1.8717
0.1485	-1.0264	0.9157
0.8222	-1.0275	3.2860
0.5443	0.6808	2.6005
0.8629	-0.9697	3.5334
-0.9019	-1.2966	2.0113
-0.0584	-0.2277	2.0569
-0.6020	-0.3148	1.6221
-0.9102	1.0538	2.0768
-3.8845	-0.0746	1.6349
-1.1912	1.6590	0.3302
-1.0650	-0.6299	-1.2133
-0.7638	0.7772	0.5973
-0.1593	1.0875	0.9599
-1.3362	-0.2303	0.6534
-1.6072	1.2312	-0.5362
-1.5421	1.7253	0.1530
0.8888	1.3450	-0.1251
0.8891	0.3622	0.7910
-0.6711	0.0939	-0.7128
-0.1120	0.9871	0.5053
-1.0294	-0.3862	-0.6801
3.5200	-1.9428	-2.3897
-1.3389	0.5110	-1.9763
3.2711	1.7220	-2.5777
0.2644	-1.0705	0.4752
0.1381	0.8581	-0.8072
-1.9637	0.7629	1.2460
-0.2981	-0.2466	0.4260
-0.2270	1.0375	1.6961
0.4665	-0.4987	0.5318
-1.2348	-0.6123	-0.0056
0.2210	-1.4053	0.0555
-0.9503	-0.1855	-0.1783
0.3414	0.2025	0.2714
0.6680	-0.4007	0.2519
0.3392	-0.2154	-0.8444
-0.1187	0.6620	-0.0853
-1.6866	0.8669	-0.5634
0.6215	0.8605	0.2198
0.0528	-0.3283	0.9317
-0.3988	1.0971	-0.1715
-0.2164	0.4557	-1.0704
0.4774	1.6495	-0.7367
-1.4404	0.4425	0.8521
-1.4381	0.5775	-0.4973
0.2213	-1.4964	-0.3900
-0.9784	-0.1346	-0.0559
0.2651	0.8606	0.5679
-0.8359	-0.0368	-1.2614
0.8310	-0.9468	0.2079
-0.3837	1.2766	1.3230
2.0456	-1.6951	-0.7367
0.6504	2.6203	-0.5336
-1.2279	-0.8388	-0.5713
0.1560	-1.5425	0.9686
1.5757	-0.1810	-0.6861
0.9836	-1.1174	3.0827
-1.1609	0.7506	-2.4887
-0.8944	0.2800	-2.2711
0.5391	0.3792	0.3471
-1.0121	-1.2754	0.3511
-1.1103	0.4279	-0.6156
0.3874	-0.6678	0.4763
-0.6387	0.5676	-2.3843
3.4156	-1.1738	-2.3807
-0.0385	-0.2358	1.0198
0.9798	0.3055	0.7362
0.6064	1.3640	-2.2073
0.3324	-0.5485	-0.1354
-1.1302	-0.3596	0.0232
-0.2210	1.1458	1.1507
-1.0236	-0.3983	-0.0129
1.1796	-1.4518	-0.0783
-0.4825	1.3540	0.1958
-1.1870	2.2260	-0.1273
2.7032	0.6719	-1.8507
-0.9137	1.9690	0.6929
-0.8151	-0.1817	-0.9302
1.0678	-0.0658	-0.5546
0.1008	1.3184	-0.5469
-1.8176	-0.3550	1.1829
0.7347	-0.0262	0.0416
-1.3684	0.3273	0.4690
1.9003	-1.5443	2.4881
0.2203	-0.5234	-0.0944
-0.2063	0.0753	-1.9678
-1.9245	-0.5751	2.9580
-1.3664	-0.0985	1.4055
0.8082	-0.0342	1.6249
-0.2198	-0.0560	1.1565
-1.3005	0.8538	-4.2064
-0.8066	0.4299	0.2404
-0.4856	0.2889	0.5870
-1.6814	0.5655	1.2333
0.8532	-0.0291	0.9457
0.0284	-0.5712	-0.3536
-2.2322	1.2631	1.5494
-0.5289	0.5361	1.2092
-0.0597	-1.0841	-0.2691
-1.1973	0.3007	0.1304
-0.2445	-0.5321	1.1188
-0.2655	0.5335	1.1149
-1.2865	-1.0866	0.3487
-0.4335	0.6786	-0.0138
0.0947	0.6443	-0.1222
-0.8340	0.0448	0.7660
1.5569	-1.2956	-0.4621
-0.1617	-0.8714	0.2884
3.2657	0.0779	-2.3781
-0.7378	0.6333	1.6165
-1.5343	-0.3077	0.2995
-0.3688	-1.2285	0.0154
-0.2028	-0.9157	0.0679
-1.2178	-0.4318	0.3516
-3.2756	0.2730	4.2071
0.0661	-1.2117	1.0154
-0.4582	1.7104	-0.6591
-1.4288	1.1019	-0.3538
-2.0439	0.3179	-0.1727
-0.7195	0.8464	3.3900
-0.5282	1.8683	0.8822
-2.4140	1.4240	0.2669
0.6912	2.0964	2.4279
-2.4340	1.7968	-0.6472
-0.8462	-1.3938	0.9382
-1.4329	-0.3036	0.0952
0.7137	-0.4382	2.3865
0.8993	0.1721	0.1739
-1.6558	-1.2534	1.3975
-0.9875	-1.2631	1.1132
0.6326	-0.5190	0.3737
0.1935	1.0196	-0.9602
-0.2823	0.5112	0.2992
0.4686	0.5896	0.9903
-1.0703	-0.1351	0.0572
-0.2843	1.0655	-0.8197
-0.7923	2.5390	-0.7198
-0.9631	-0.3702	-0.7510
-1.0339	-0.5383	0.3943
0.0663	1.0084	0.1136
0.4449	-0.6006	-0.8278
-0.6859	0.1851	-0.9183
-0.9817	0.4360	1.8829
-1.1358	-1.8978	2.3490
0.0426	-0.5785	0.2394
2.9044	0.1373	-2.0282
1.1631	1.1712	-2.5166
0.8137	1.2841	-2.1295
-0.5948	1.4337	-0.4841
0.5777	0.7774	1.6912
1.7309	-2.4703	-0.4794
-0.6381	-0.6901	0.4907
0.4978	-1.4319	-0.1506
0.5320	0.8984	0.1610
1.1289	0.3892	-0.4762
-0.7603	0.3793	-0.0743
-0.8751	-0.3685	1.0958
0.0661	1.3615	-0.8995
-0.7545	-1.1475	1.8449
-0.3693	0.8745	2.0657
-1.8043	0.5413	-0.7793
0.4722	-0.3392	0.5080
0.5707	1.5899	-0.9758
1.1525	-0.5556	0.5792
0.1682	1.0514	-2.1634
-0.8205	0.4104	-1.3168
0.4484	-1.9679	0.7261
-0.9178	-0.2665	0.4439
-0.0532	0.6640	-1.7350
1.2913	-0.2092	-0.3579
0.9830	-1.8331	-0.6204
-0.1758	0.4764	1.0454
0.6959	0.7695	0.1515
0.1208	0.7315	-1.9487
0.9997	-0.8420	1.1273
0.0544	-0.4406	-1.1065
-2.4392	-1.0830	3.5635
0.9687	-0.7570	0.6407
-2.0134	0.1140	1.8802
1.0518	-1.2146	-0.0855
-0.7756	-0.0983	1.7594
-0.4735	-0.7018	0.4738
-0.6897	0.1614	-1.6824
-0.6322	-0.5846	0.6811
-1.3808	-0.1741	-0.8000
-0.4152	0.2983	0.0237
1.0005	-0.5919	0.0100
0.4282	0.7639	0.0508
0.0050	0.6618	-1.2386
1.6918	-0.5162	-0.0734
-0.6172	0.2946	-0.3708
-0.2135	-0.5373	-0.0281
0.1395	-0.7796	0.8319
0.8077	-0.5877	-0.6191
-1.0545	0.7012	1.1459
-1.8087	-0.2881	1.1705
0.2409	0.4112	0.1539
-0.2366	-0.2575	-0.8256
-0.4694	0.9393	1.6318
0.4248	0.6065	0.8945
0.2589	-0.5275	-0.4221
-0.8774	-3.1996	2.2380
0.8585	-0.5729	0.7737
-1.7563	0.0652	1.6573
1.6196	-0.8630	-0.5910
-1.2696	-0.9499	-1.0001
-2.9121	-0.3515	1.5432
-1.1348	-0.8312	-0.1468
1.3009	-0.4202	2.0252
-0.8285	-1.5441	1.9849
1.1803	-0.4125	1.2704
-0.2002	-0.8007	-0.0809
0.2364	-0.4417	-0.6270
-0.8552	-0.1118	-0.1514
0.8926	1.5054	-2.7340
-1.8722	1.3869	-0.5425
0.0828	1.7788	0.6309
-1.1757	-0.3560	-1.0140
-0.7988	1.4077	-0.8124
-0.6530	0.4567	-0.5351
-0.9229	1.7377	0.2660
-1.9342	-0.7594	2.9849
-0.0506	0.7366	-1.5358
1.7854	-1.0091	1.6763
-1.2362	-0.0535	-0.2884
-0.8851	1.7594	-0.7822
0.4980	-1.5979	0.6331
0.8739	1.5219	-2.1431
-1.8259	0.6751	0.8424
0.0915	-0.6567	-0.1224
-0.3269	-0.4816	0.0912
-0.8077	0.6944	-2.3063
0.9882	0.2814	-0.8544
0.2906	-1.3967	0.5123
-2.1896	-0.1488	1.0884
-0.5031	-0.0855	0.6578
0.4684	0.0808	-1.7069
0.6948	0.7237	0.6217
1.6620	-2.1254	-0.4489
-2.2547	1.2779	1.5429
0.1709	0.9080	0.2950
0.0673	0.5973	0.0835
-0.0628	0.8172	1.7495
1.9912	-0.8621	-0.7692
0.6567	0.3101	1.4267
-0.7486	-0.9349	0.2659
0.0086	1.0226	0.8076
-1.0316	-0.6214	0.1948
0.0138	-1.0222	0.2136
1.2068	0.0037	-0.7478
-0.5527	0.7833	0.4841
-0.2678	0.0901	0.8729
1.4662	0.2243	-0.0192
0.7878	-0.3981	0.2065
2.3740	-0.8872	-2.1232
-1.1124	-0.1419	0.3772
1.1126	-1.7357	4.3775
0.8357	-0.8201	1.7254
-1.2014	-1.0569	2.2887
0.0243	-0.1162	-0.2056
0.1103	1.1189	-1.1560
0.7038	-0.0452	1.6740
-0.3587	-2.1089	1.5837
-1.1667	-0.0144	-0.0236
-0.6401	1.3709	0.3466
-1.4072	0.1213	0.8262
0.6415	-0.5255	0.3558
-1.1659	0.5273	-0.2459
0.8460	-1.3861	0.2456
-0.3495	-1.1149	0.1124
0.8468	-1.1333	-0.4754
-0.8824	0.9073	-1.2737
-0.8191	1.0993	-0.4714
-1.3646	0.6612	-0.8218
-0.8208	-0.0434	0.3678
-0.5218	0.5874	0.3446
-0.7038	0.4226	-0.2254
-0.8521	0.6418	0.7730
-0.8819	1.2328	0.7913
-0.9785	-0.4313	0.4996
-0.7374	-0.0719	0.8723
-1.0417	-0.3239	-0.2775
1.6456	1.8924	-3.3180
-1.1468	-0.2881	0.1273
1.4362	-0.4592	-0.4257
0.8887	0.7802	-1.1163
-0.8068	-0.9143	0.6513
3.6999	-1.0479	-2.6674
-0.5070	-1.4236	1.6487
-0.5196	-0.1747	-0.9006
-1.7728	-0.8590	0.5673
-0.0734	1.0624	-0.9847
0.3999	-2.5301	0.8629
-1.0571	-0.1007	-1.4965
-0.2331	0.8978	-0.3854
-2.8072	0.8150	1.3988
-0.6781	-0.1074	0.8086
-0.5197	-0.1835	0.0268
0.7409	0.1569	0.1679
-0.4366	0.9789	-0.4927
-0.2098	-0.5278	-0.9908
1.5463	-0.2358	-0.4544
0.2682	0.4324	0.6276
-0.4795	-0.5342	0.4758
-1.5208	1.6888	2.2695
-0.0362	-1.7165	1.1746
0.7463	-0.4175	0.2499
-1.1589	-2.0038	2.3675
-0.5215	-0.8727	0.6292
-0.2905	0.8246	-0.8959
-1.5435	-0.8468	0.4090
-0.1974	1.2182	1.1139
0.1308	0.8681	-0.9514
-0.3296	-0.5024	0.2944
-1.7696	-0.0609	1.5718
0.6666	0.5570	0.1921
-0.6594	0.7915	0.0537
-1.4380	0.8756	1.1831
0.1070	-0.0504	0.2675
-1.4027	1.2414	1.2825
-0.5736	1.0629	2.2060
-0.7604	-0.4423	-1.3459
0.7561	-1.5266	0.3116
-0.0481	1.3549	-0.2953
-0.7753	-1.2473	0.5593
-0.1011	-1.5224	1.1374
-1.0397	-0.2556	-0.9300
-2.5038	0.7602	1.6607
-0.4380	-0.1850	-1.0833
1.2941	-0.3827	3.8852
2.5350	-0.4395	-1.5639
0.3466	0.3991	0.5937
0.3966	0.7856	-1.5350
0.2390	1.1509	1.1281
-0.3454	-0.7363	0.4999
1.3553	-1.3347	-0.0020
1.7481	-0.7249	1.7819
-0.8053	0.1143	-1.2723
-0.2740	-1.1159	1.1570
-0.0979	-0.9153	0.0782
-1.2208	0.0392	-1.9725
-1.6571	1.6923	-0.5578
0.1858	0.6667	1.0836
-1.0916	0.2176	1.0758
-1.4539	-0.8074	0.1483
-2.1984	-0.1933	1.2660
-0.8057	-0.7495	0.0741
-0.6275	0.7223	0.4839
-0.5207	-0.6848	-0.9106
-1.8178	2.0683	-2.2556
-0.2730	1.7770	0.1877
0.8164	-0.3733	-0.3590
-0.3912	-0.1593	3.5979
0.1985	0.6999	0.4347
-2.9598	-1.2302	2.6710
1.4079	-0.5540	0.2661
0.3160	-0.6583	2.6722
-0.3865	-0.2469	-0.8962
-0.9637	0.8831	1.4119
-0.6525	0.0032	-0.6481
2.4701	-1.4281	-0.4900
-0.1356	-1.2556	0.7302
0.0420	0.8891	-0.3818
0.9287	-0.3686	-0.0982
-1.0980	-0.0183	-1.5164
-1.1063	-0.9275	0.5580
-1.0544	0.3388	-1.8914
-0.3430	1.0781	0.3698
-0.4058	-2.4775	1.6796
-1.9497	-0.4177	1.1741
0.9133	-0.2001	1.9505
0.9565	-0.4277	1.9142
1.1167	-1.0890	0.2456
1.2063	-1.8276	-0.0413
-0.9938	-0.7547	-0.5319
-0.8003	-0.4601	-0.2843
1.3649	0.0712	-0.4478
1.1225	-0.6557	-0.1315
-3.0127	-0.4443	0.7062
0.2825	0.7271	-1.5576
2.2870	-0.6866	-1.2771
-0.3080	1.3098	1.8363
0.4008	-1.4603	-0.1386
-0.9025	1.5565	1.5085
-1.3483	-1.1361	0.8476
-0.1068	1.4478	0.2786
-0.4842	-1.1855	0.7200
-0.3507	0.4769	2.4797
0.5423	-0.2730	-1.5423
-2.6342	-1.2292	1.7859
-0.8024	1.6888	0.4755
-0.2727	0.8050	2.0751
-0.5951	-1.1215	0.3240
-2.0377	2.3868	0.1010
-0.5755	-1.7168	0.2678
-0.6919	-1.5489	1.8532
1.6905	-0.4990	-1.5349
0.8808	-0.0352	0.5215
-0.4170	-0.2552	0.5743
-1.2074	-0.9269	0.4704
-0.0992	-0.3804	-0.8256
-0.7793	-0.2346	0.7671
1.7522	-0.3540	-0.7845
-0.5175	0.5125	-0.2417
-1.6166	-0.2961	0.6171
-0.2222	-0.1892	-1.3326
-1.0198	-0.2073	1.9940
2.0546	-0.2779	-0.9080
-0.3731	-0.7088	-0.2536
-0.5911	-0.6910	-0.5017
0.1809	1.1836	-1.1921
-0.0806	0.6551	1.6122
0.5316	1.1426	1.1303
-0.2873	-0.4518	-0.5965
1.4959	-0.3116	1.0619
-0.7773	2.2830	-0.5788
-0.3001	1.0298	1.9655
1.3343	0.3893	-0.0995
-0.7048	0.1327	1.0972
-0.7699	0.5054	0.0486
-1.0921	1.7407	-1.4646
0.2260	-1.5585	0.8933
-1.1432	0.9063	2.9733
-0.0421	-0.4225	-1.3198
-0.7818	-0.6853	-0.2492
-0.8130	-1.4111	1.1165
-0.3771	-1.4526	0.7028
1.7541	-1.7098	-0.6457
0.2794	0.8143	-1.8262
0.3631	0.1850	2.1305
-3.2080	-1.9003	4.4463
0.6777	0.4323	-1.9823
-0.9062	-0.2214	1.5377
-0.1498	0.9753	-0.9034
-1.7301	0.1495	1.3548
-0.1392	-0.4497	-1.4874
-0.3626	-0.6336	-0.2589
-1.0775	-0.6130	0.5635
0.6011	1.0198	-0.5429
0.4879	-0.1965	1.0111
-1.2051	2.4948	-0.8157
-1.4025	-0.3702	0.6292
0.1553	0.1112	0.6323
1.2185	-0.7498	0.1510
-1.3033	-0.2483	0.1763
3.0155	-0.6733	-2.0098
-1.2881	-0.5378	-0.6602
0.2890	0.8902	-2.2363
-0.0697	1.4642	-0.2306
-1.5721	-0.0500	-1.7687
-0.8153	0.0621	-0.2604
0.5341	0.0570	-0.0683
1.0771	0.6804	-0.4231
-1.8621	2.0527	-0.2470
2.2920	0.5717	-1.4479
-1.1867	-1.2842	0.9355
-1.3111	2.6098	-1.0023
-0.3137	0.3309	-1.5205
0.2824	-0.7110	0.7461
-0.4953	-0.7664	0.6843
-1.7295	0.3825	1.0684
-0.0123	-0.6250	-0.3951
